{"stats":{"minecraft:picked_up":{"minecraft:birch_log":2},"minecraft:mined":{"minecraft:birch_log":2},"minecraft:custom":{"minecraft:jump":34,"minecraft:damage_taken":910,"minecraft:leave_game":6,"minecraft:crouch_one_cm":29,"minecraft:play_time":60723,"minecraft:time_since_death":2460,"minecraft:sprint_one_cm":1795,"minecraft:walk_one_cm":4906,"minecraft:walk_on_water_one_cm":11,"minecraft:deaths":2,"minecraft:sneak_time":40,"minecraft:total_world_time":60723,"minecraft:walk_under_water_one_cm":143,"minecraft:fall_one_cm":10819,"minecraft:fly_one_cm":284016,"minecraft:time_since_rest":2496}},"DataVersion":3465}