{"stats":{"minecraft:picked_up":{"minecraft:birch_log":2},"minecraft:dropped":{"minecraft:filled_map":1},"minecraft:mined":{"minecraft:birch_log":2},"minecraft:custom":{"minecraft:jump":41,"minecraft:damage_taken":1350,"minecraft:leave_game":6,"minecraft:crouch_one_cm":29,"minecraft:play_time":72723,"minecraft:time_since_death":1533,"minecraft:sprint_one_cm":1795,"minecraft:walk_one_cm":6160,"minecraft:walk_on_water_one_cm":11,"minecraft:deaths":4,"minecraft:sneak_time":54,"minecraft:total_world_time":72723,"minecraft:walk_under_water_one_cm":143,"minecraft:drop":1,"minecraft:fall_one_cm":15671,"minecraft:fly_one_cm":285896,"minecraft:time_since_rest":1578}},"DataVersion":3465}