{"stats":{"minecraft:picked_up":{"minecraft:birch_log":2,"minecraft:spider_eye":1},"minecraft:mined":{"minecraft:birch_log":2},"minecraft:dropped":{"minecraft:filled_map":1},"minecraft:custom":{"minecraft:time_since_rest":15255,"minecraft:crouch_one_cm":29,"minecraft:sprint_one_cm":1795,"minecraft:play_time":86400,"minecraft:deaths":4,"minecraft:damage_taken":1390,"minecraft:walk_one_cm":8280,"minecraft:sneak_time":54,"minecraft:walk_under_water_one_cm":143,"minecraft:mob_kills":1,"minecraft:drop":1,"minecraft:jump":47,"minecraft:damage_dealt":160,"minecraft:leave_game":7,"minecraft:walk_on_water_one_cm":11,"minecraft:time_since_death":15210,"minecraft:total_world_time":86400,"minecraft:fall_one_cm":15671,"minecraft:fly_one_cm":286790},"minecraft:killed":{"minecraft:spider":1},"minecraft:used":{"minecraft:netherite_axe":5}},"DataVersion":3465}