{"stats":{"minecraft:used":{"minecraft:netherite_axe":7},"minecraft:mined":{"minecraft:oak_log":2,"minecraft:birch_log":2},"minecraft:custom":{"minecraft:time_since_rest":16837,"minecraft:damage_taken":1650,"minecraft:crouch_one_cm":29,"minecraft:sprint_one_cm":6647,"minecraft:play_time":110626,"minecraft:deaths":5,"minecraft:walk_one_cm":15538,"minecraft:sneak_time":54,"minecraft:walk_under_water_one_cm":143,"minecraft:mob_kills":1,"minecraft:drop":2,"minecraft:jump":126,"minecraft:damage_dealt":160,"minecraft:leave_game":12,"minecraft:walk_on_water_one_cm":11,"minecraft:time_since_death":16806,"minecraft:total_world_time":110626,"minecraft:fall_one_cm":25457,"minecraft:fly_one_cm":405072},"minecraft:killed":{"minecraft:spider":1},"minecraft:picked_up":{"minecraft:birch_log":2,"minecraft:cobbled_deepslate":2,"minecraft:netherite_axe":1,"minecraft:oak_log":2,"minecraft:spider_eye":1},"minecraft:dropped":{"minecraft:filled_map":1,"minecraft:netherite_axe":1}},"DataVersion":3465}