{"stats":{"minecraft:custom":{"minecraft:jump":29,"minecraft:damage_taken":270,"minecraft:leave_game":4,"minecraft:crouch_one_cm":29,"minecraft:play_time":39377,"minecraft:time_since_death":29454,"minecraft:sprint_one_cm":1795,"minecraft:walk_one_cm":4845,"minecraft:walk_on_water_one_cm":11,"minecraft:deaths":1,"minecraft:sneak_time":40,"minecraft:total_world_time":39377,"minecraft:walk_under_water_one_cm":143,"minecraft:fall_one_cm":4171,"minecraft:fly_one_cm":164460,"minecraft:time_since_rest":29499},"minecraft:mined":{"minecraft:birch_log":2},"minecraft:picked_up":{"minecraft:birch_log":2}},"DataVersion":3465}